{
  "bos_token": {
    "content": "[BOS]",
    "lstrip": false,
    "normalized": false,
    "rstrip": false,
    "single_word": false
  },
  "eos_token": {
    "content": "[EOS]",
    "lstrip": false,
    "normalized": false,
    "rstrip": false,
    "single_word": false
  },
  "pad_token": {
    "content": "[PAD]",
    "lstrip": false,
    "normalized": false,
    "rstrip": false,
    "single_word": false
  },
  "unk_token": {
    "content": "[UNK]",
    "lstrip": false,
    "normalized": false,
    "rstrip": false,
    "single_word": false
  }
}
